<?xml version="1.0" encoding="UTF-8" standalone="yes"?>
<addon id="plugin.video.likuoo" name="Likuoo" version="1.0.1" provider-name="ptom">
	<requires>
		<import addon="script.module.audrey" />
	</requires>
	<extension point="xbmc.python.pluginsource" library="default.py">
		<provides>video</provides>
	</extension>
	<extension point="xbmc.addon.metadata">
		<summary lang="en">Pulling content from Likuoo</summary>
		<description>Pulling content from Likuoo</description>
		<platform>all</platform>
		<language>en</language>
		<email>ptom98@gmail.com</email>
	</extension>
</addon>