{
    "sites": [
      {
        "name": "Likuoo",
        "poster": "special://home/addons/plugin.video.likuoo/icon.png",
        "fanart": "special://home/addons/plugin.video.likuoo/fanart.png",
        "search_url": "https://www.likuoo.video/search/{%}/",
        "items": {
          "Latest": [
            {
              "site_url": "https://www.likuoo.video/",
              "pattern": "<div class=\"item\">{*}href=\"{%}\" title=\"{%}\"{*}src=\"//{%}/{%}/{%}\"{*}<div class=\"runtime\">{%}</div>",
              "name": "{%2}",
              "url": "https://www.likuoo.video{%1}",
              "plot": "Runtime: {%6}",
              "poster": "http://www.likuoo.video/img1/{%4}/{%5}",
              "fanart": "http://www.likuoo.video/img1/{%4}/{%5}",
              "next_pattern": "<span class=\"current\">{*}</span><a href=\"{%}\">",
              "next_url": "https://www.likuoo.video{%1}"
            }
          ],
          "Categories": [
            {
              "site_url": "https://www.likuoo.video/all-channels/",
              "pattern": "<div class=\"item_p\">{*}href=\"{%}\" title=\"{%}\"{*}src=\"{%}\"{*}</div>",
              "name": "{%2}",
              "url": "https://www.likuoo.video{%1}",
              "poster": "http:{%3}",
              "fanart": "http:{%3}"
            },
            {
              "pattern": "<div class=\"item\">{*}href=\"{%}\" title=\"{%}\"{*}src=\"//{%}/{%}/{%}\"{*}<div class=\"runtime\">{%}</div>",
              "name": "{%2}",
              "url": "https://www.likuoo.video{%1}",
              "plot": "Runtime: {%6}",
              "poster": "http://www.likuoo.video/img1/{%4}/{%5}",
              "fanart": "http://www.likuoo.video/img1/{%4}/{%5}",
              "next_pattern": "<span class=\"current\">{*}</span><a href=\"{%}\">",
              "next_url": "https://www.likuoo.video{%1}"
            }
          ],
          "Porn Stars": [
            {
              "site_url": "https://www.likuoo.video/pornstars/",
              "pattern": "<div class=\"item_p\">{*}href=\"{%}\" title=\"{%}\"{*}src=\"{%}\"{*}</div>",
              "name": "{%2}",
              "url": "https://www.likuoo.video{%1}",
              "poster": "http:{%3}",
              "fanart": "http:{%3}",
              "next_pattern": "<span class=\"current\">{*}</span><a href=\"{%}\">",
              "next_url": "https://www.likuoo.video{%1}"
            },
            {
              "pattern": "<div class=\"item\">{*}href=\"{%}\" title=\"{%}\"{*}src=\"//{%}/{%}/{%}\"{*}<div class=\"runtime\">{%}</div>",
              "name": "{%2}",
              "url": "https://www.likuoo.video{%1}",
              "plot": "Runtime: {%6}",
              "poster": "http://www.likuoo.video/img1/{%4}/{%5}",
              "fanart": "http://www.likuoo.video/img1/{%4}/{%5}",
              "next_pattern": "<span class=\"current\">{*}</span><a href=\"{%}\">",
              "next_url": "https://www.likuoo.video{%1}"
            }
          ]
        }
      }
    ]
  }